8108,-27.423398,152.985206,1,-27.423266,152.985261
8108,-27.423459,152.984853,1,-27.42353,152.98515
8108,-27.423177,152.984937,1,-27.423108,152.984639
8108,-27.423248,152.984597,1,-27.423388,152.984555
8108,-27.423248,152.984597,2,-27.423108,152.984639
8108,-27.423177,152.984937,2,-27.423245,152.985235
8108,-27.423459,152.984853,2,-27.423388,152.984555
8108,-27.423398,152.985206,2,-27.42353,152.98515
8274,-37.845626,140.770384,1,-37.8458892,140.7699153
8274,-37.845626,140.770384,2,-37.84607167,140.7699797
8274,-37.845626,140.770384,3,-37.845374,140.7708599
8274,-37.845626,140.770384,4,-37.84520227,140.7707311
8274,-37.845626,140.770384,5,-37.8458892,140.7699153
8313,-27.420479,152.989386,1,-27.420616,152.990261
8313,-27.420258,152.98789,1,-27.420342,152.988512
8313,-27.420037,152.986246,1,-27.420174,152.987268
8313,-27.4197,152.983601,1,-27.419794,152.984339
8313,-27.419847,152.984781,1,-27.4199,152.985224
8313,-27.419847,152.984781,2,-27.419794,152.984339
8313,-27.4197,152.983601,2,-27.419605,152.982864
8313,-27.420037,152.986246,2,-27.4199,152.985224
8313,-27.420258,152.98789,2,-27.420174,152.987268
8313,-27.420479,152.989386,2,-27.420342,152.988512
8747,-37.824036,140.772325,1,-37.824045,140.772252
8747,-37.824036,140.772325,2,-37.823994,140.772283
8747,-37.824036,140.772325,3,-37.824021,140.772388
8747,-37.824036,140.772325,4,-37.82408,140.772376
8747,-37.824036,140.772325,5,-37.824045,140.772252
8817,-37.821382,140.769898,1,-37.821106,140.769343
8817,-37.824126,140.776273,1,-37.82394171,140.7758398
8817,-37.824126,140.776273,2,-37.82423653,140.7767701
8817,-37.821382,140.769898,2,-37.821484,140.770542
8817,-37.821382,140.769898,3,-37.821657,140.770458
8817,-37.824126,140.776273,3,-37.82430859,140.7767243
8817,-37.824126,140.776273,4,-37.82403343,140.7758071
8817,-37.821382,140.769898,4,-37.821284,140.769259
8817,-37.821382,140.769898,5,-37.821106,140.769343
8817,-37.824126,140.776273,5,-37.82394171,140.7758398
8824,-37.824126,140.776284,1,-37.82394087,140.7758404
8824,-37.824655,140.773495,1,-37.826313,140.77438
8824,-37.824655,140.773495,2,-37.825336,140.77143
8824,-37.824126,140.776284,2,-37.82422375,140.7767665
8824,-37.824126,140.776284,3,-37.824309,140.7767084
8824,-37.824655,140.773495,3,-37.822997,140.77261
8824,-37.824655,140.773495,4,-37.823953,140.77556
8824,-37.824126,140.776284,4,-37.82402612,140.7758016
8824,-37.824126,140.776284,5,-37.82394087,140.7758404
8824,-37.824655,140.773495,5,-37.826313,140.77438
8886,-37.83297,140.775984,1,-37.83296959,140.7759842
8889,-27.4297,152.986,1,-27.4297,152.986
8889,-27.4297,152.986,2,-27.4297,152.986
8889,-27.4297,152.986,3,-27.4299,152.986
8889,-27.4297,152.986,4,-27.4299,152.986
8889,-27.4297,152.986,5,-27.4297,152.986
9212,-37.825953,140.769816,1,-37.825614,140.769768
9212,-37.825953,140.769816,2,-37.826109,140.769493
9212,-37.825953,140.769816,3,-37.826274,140.769933
9212,-37.825953,140.769816,4,-37.825779,140.770098
9212,-37.825953,140.769816,5,-37.825614,140.769768
9337,-37.826983,140.776813,1,-37.826874,140.776819
9337,-37.826983,140.776813,2,-37.826898,140.776901
9337,-37.826983,140.776813,3,-37.827096,140.776807
9337,-37.826983,140.776813,4,-37.827081,140.776753
9337,-37.826983,140.776813,5,-37.827041,140.776733
9337,-37.826983,140.776813,6,-37.826874,140.776819
9374,-27.419517,152.992193,1,-27.419038,152.992073
9374,-27.419517,152.992193,2,-27.419105,152.992488
9374,-27.419517,152.992193,3,-27.419997,152.992313
9374,-27.419517,152.992193,4,-27.419925,152.991897
9374,-27.419517,152.992193,5,-27.419038,152.992073
9957,-33.734385,150.912715,1,-33.7343854,150.912715
9958,-37.83222,140.772758,1,-37.83222008,140.7727575
9959,34.232224,-82.192607,1,34.2322238,-82.1926071
11092,-27.4287,152.989,1,-27.4287,152.989
11092,-27.4287,152.989,2,-27.4298,152.996
11093,-27.4287,152.995,1,-27.4287,152.995
11093,-27.4287,152.995,2,-27.4288,152.995
11093,-27.4287,152.995,3,-27.429,152.996
11093,-27.4287,152.995,4,-27.4288,152.996
11093,-27.4287,152.995,5,-27.4287,152.995
11094,-27.4291,152.992,1,-27.4291,152.992
11094,-27.4291,152.992,2,-27.4293,152.992
11094,-27.4291,152.992,3,-27.4297,152.994
11094,-27.4291,152.992,4,-27.4295,152.994
11094,-27.4291,152.992,5,-27.4291,152.992
11095,-27.4287,152.989,1,-27.4287,152.989
11095,-27.4287,152.989,2,-27.4289,152.989
11095,-27.4287,152.989,3,-27.4292,152.991
11095,-27.4287,152.989,4,-27.4291,152.991
11095,-27.4287,152.989,5,-27.4287,152.989
11096,-27.4279,152.989,1,-27.4279,152.989
11096,-27.4279,152.989,2,-27.429,152.996
11099,-27.4287,152.995,1,-27.4287,152.995
11099,-27.4287,152.995,2,-27.4288,152.995
11099,-27.4287,152.995,3,-27.429,152.996
11099,-27.4287,152.995,4,-27.4289,152.996
11099,-27.4287,152.995,5,-27.4287,152.995
11100,-27.4282,152.992,1,-27.4282,152.992
11100,-27.4282,152.992,2,-27.4284,152.992
11100,-27.4282,152.992,3,-27.4288,152.995
11100,-27.4282,152.992,4,-27.4286,152.995
11100,-27.4282,152.992,5,-27.4282,152.992
11101,-27.4278,152.989,1,-27.4278,152.989
11101,-27.4278,152.989,2,-27.428,152.989
11101,-27.4278,152.989,3,-27.4284,152.992
11101,-27.4278,152.989,4,-27.4282,152.992
11101,-27.4278,152.989,5,-27.4278,152.989
11228,-27.4285,152.993,1,-27.4285,152.993
11228,-27.4285,152.993,2,-27.4284,152.992
11228,-27.4285,152.993,3,-27.4291,152.992
11228,-27.4285,152.993,4,-27.4292,152.993
11228,-27.4285,152.993,5,-27.4285,152.993
11230,-27.4291,152.992,1,-27.4291,152.992
11231,-27.4286,152.993,1,-27.4286,152.993
11232,-27.4203,152.983,1,-27.4203,152.983
11232,-27.4203,152.983,2,-27.4212,152.984
11232,-27.4203,152.983,3,-27.4213,152.983
11232,-27.4203,152.983,4,-27.4213,152.983
11232,-27.4203,152.983,5,-27.4212,152.983
11232,-27.4203,152.983,6,-27.4209,152.983
11232,-27.4203,152.983,7,-27.4207,152.982
11232,-27.4203,152.983,8,-27.4203,152.983
11233,-27.4211,152.983,1,-27.4211,152.983
11236,-27.405858,152.969046,1,-27.405858,152.969046
11244,-27.4213,152.983,1,-27.4213,152.983
11244,-27.4213,152.983,2,-27.4214,152.983
11244,-27.4213,152.983,3,-27.4216,152.983
11244,-27.4213,152.983,4,-27.4214,152.983
11244,-27.4213,152.983,5,-27.4213,152.983
11245,-27.4209,152.982,1,-27.4209,152.982
11360,-37.825334,140.778326,1,-37.825334,140.778326
11473,-27.424382,152.982577,1,-27.424031,152.982129
11473,-27.424382,152.982577,2,-27.424912,152.981901
11473,-27.424382,152.982577,3,-27.424993,152.982928
11473,-27.424382,152.982577,4,-27.423771,152.983254
11473,-27.424382,152.982577,5,-27.424031,152.982129
11476,-27.419057,152.985477,1,-27.418298,152.985667
11476,-27.419057,152.985477,2,-27.419816,152.985287
11480,-27.435157,152.98686,1,-27.435048,152.98611
11480,-27.435089,152.985777,1,-27.435129,152.985445
11480,-27.434967,152.984358,1,-27.434804,152.983272
11480,-27.434919,152.983197,1,-27.435034,152.983123
11480,-27.435347,152.983302,1,-27.435659,152.983482
11480,-27.435347,152.983302,2,-27.435034,152.983123
11480,-27.434919,152.983197,2,-27.434804,152.983272
11480,-27.434967,152.984358,2,-27.435129,152.985445
11480,-27.435089,152.985777,2,-27.435048,152.98611
11480,-27.435157,152.98686,2,-27.435265,152.98761
11481,-27.437432,152.985767,1,-27.436632,152.985916
11481,-27.436315,152.985709,1,-27.435999,152.985501
11481,-27.436315,152.985709,2,-27.436632,152.985916
11481,-27.437432,152.985767,2,-27.438233,152.985619
11482,-27.436101,152.986684,1,-27.435998,152.98595
11482,-27.435993,152.985721,1,-27.435988,152.985491
11482,-27.435952,152.985279,1,-27.435916,152.985067
11482,-27.435708,152.983242,1,-27.435747,152.983006
11482,-27.435793,152.984273,1,-27.435669,152.983479
11482,-27.435793,152.984273,2,-27.435916,152.985067
11482,-27.435708,152.983242,2,-27.435669,152.983479
11482,-27.435952,152.985279,2,-27.435988,152.985491
11482,-27.435993,152.985721,2,-27.435998,152.98595
11482,-27.436101,152.986684,2,-27.436205,152.987417
11483,-27.437136,152.982555,1,-27.436445,152.982644
11483,-27.436229,152.982695,1,-27.436012,152.982745
11483,-27.435879,152.982873,1,-27.435747,152.983001
11483,-27.435879,152.982873,2,-27.436012,152.982745
11483,-27.436229,152.982695,2,-27.436445,152.982644
11483,-27.437136,152.982555,2,-27.437827,152.982466
11484,-27.436316,152.98488,1,-27.436719,152.984695
11484,-27.436584,152.98367,1,-27.436449,152.982646
11484,-27.436584,152.98367,2,-27.436719,152.984695
11484,-27.436316,152.98488,2,-27.435914,152.985065
11485,-27.435398,152.981432,1,-27.435385,152.981483
11485,-27.435566,152.982307,1,-27.435748,152.982984
11485,-27.435385,152.981557,1,-27.435385,152.981631
11485,-27.435385,152.981557,2,-27.435385,152.981483
11485,-27.435566,152.982307,2,-27.435385,152.981631
11485,-27.435398,152.981432,2,-27.435412,152.981382
11486,-27.433852,152.987343,1,-27.433809,152.98686
11486,-27.433486,152.984601,1,-27.433409,152.984121
11486,-27.433747,152.986414,1,-27.433686,152.985967
11486,-27.433624,152.985524,1,-27.433563,152.985081
11486,-27.433624,152.985524,2,-27.433686,152.985967
11486,-27.433747,152.986414,2,-27.433809,152.98686
11486,-27.433486,152.984601,2,-27.433563,152.985081
11486,-27.433852,152.987343,2,-27.433895,152.987826
11487,-27.434468,152.986746,1,-27.43512,152.986632
11487,-27.434468,152.986746,2,-27.433815,152.98686
11488,-27.434388,152.98586,1,-27.435089,152.98574
11488,-27.434388,152.98586,2,-27.433686,152.98598
11489,-27.434298,152.984942,1,-27.435022,152.984804
11489,-27.434298,152.984942,2,-27.433575,152.985081
11490,-27.434144,152.983992,1,-27.433409,152.984127
11490,-27.433307,152.984145,1,-27.433206,152.984164
11490,-27.433197,152.984164,1,-27.433187,152.984164
11490,-27.43316,152.984145,1,-27.433132,152.984127
11490,-27.433114,152.984102,1,-27.433095,152.984078
11490,-27.43304,152.98369,1,-27.432984,152.983302
11490,-27.432987,152.983281,1,-27.43299,152.983259
11490,-27.433003,152.983231,1,-27.433015,152.983204
11490,-27.433049,152.983185,1,-27.433083,152.983167
11490,-27.433504,152.983093,1,-27.433926,152.983019
11490,-27.434705,152.983145,1,-27.434806,152.983265
11490,-27.434265,152.983022,1,-27.434603,152.983025
11490,-27.434265,152.983022,2,-27.433926,152.983019
11490,-27.434705,152.983145,2,-27.434603,152.983025
11490,-27.433504,152.983093,2,-27.433083,152.983167
11490,-27.433049,152.983185,2,-27.433015,152.983204
11490,-27.433003,152.983231,2,-27.43299,152.983259
11490,-27.432987,152.983281,2,-27.432984,152.983302
11490,-27.43304,152.98369,2,-27.433095,152.984078
11490,-27.433114,152.984102,2,-27.433132,152.984127
11490,-27.43316,152.984145,2,-27.433187,152.984164
11490,-27.433197,152.984164,2,-27.433206,152.984164
11490,-27.433307,152.984145,2,-27.433409,152.984127
11490,-27.434144,152.983992,2,-27.43488,152.983856
11491,-27.435012,152.982939,1,-27.435035,152.983122
11491,-27.435012,152.982939,2,-27.434989,152.982756
11492,-27.433143,152.989017,1,-27.436587,152.988371
11492,-27.433143,152.989017,2,-27.429699,152.989663
11493,-27.435274,152.987131,1,-27.435274,152.987131
11494,-27.434935,152.984899,1,-27.434935,152.984899
11495,-27.435024,152.98672,1,-27.435024,152.98672
11496,-27.436211,152.987119,1,-27.436211,152.987119
11497,-27.435888,152.985988,1,-27.435888,152.985988
11498,-27.431686,152.987536,1,-27.43161,152.986833
11498,-27.431519,152.986334,1,-27.431429,152.985836
11498,-27.431519,152.986334,2,-27.43161,152.986833
11498,-27.431686,152.987536,2,-27.431762,152.988238
11499,-27.432215,152.986734,1,-27.432824,152.986631
11499,-27.432215,152.986734,2,-27.431607,152.986836
11500,-27.43155,152.985817,1,-27.432552,152.985636
11500,-27.43155,152.985817,2,-27.430547,152.985998
11501,-27.432606,152.985659,1,-27.432653,152.98568
11501,-27.432682,152.985723,1,-27.432711,152.985766
11501,-27.432731,152.985914,1,-27.432752,152.986062
11501,-27.432793,152.986345,1,-27.432834,152.986629
11501,-27.432702,152.987773,1,-27.432554,152.988092
11501,-27.432867,152.986896,1,-27.4329,152.987163
11501,-27.432875,152.987309,1,-27.43285,152.987455
11501,-27.432875,152.987309,2,-27.4329,152.987163
11501,-27.432867,152.986896,2,-27.432834,152.986629
11501,-27.432702,152.987773,2,-27.43285,152.987455
11501,-27.432793,152.986345,2,-27.432752,152.986062
11501,-27.432731,152.985914,2,-27.432711,152.985766
11501,-27.432682,152.985723,2,-27.432653,152.98568
11501,-27.432606,152.985659,2,-27.432559,152.985638
11502,-27.433214,152.985992,1,-27.433672,152.985914
11502,-27.433214,152.985992,2,-27.432756,152.98607
11503,-27.434455,152.986818,1,-27.435002,152.986716
11503,-27.434455,152.986818,2,-27.433907,152.98692
11504,-27.434434,152.986699,1,-27.434984,152.986598
11504,-27.434434,152.986699,2,-27.433884,152.986799
11505,-27.434462,152.986826,1,-27.435014,152.986734
11505,-27.434462,152.986826,2,-27.435008,152.986714
11505,-27.434462,152.986826,3,-27.43391,152.98692
11505,-27.434462,152.986826,4,-27.43391,152.986938
11505,-27.434462,152.986826,5,-27.435014,152.986734
11506,-27.434437,152.986691,1,-27.434993,152.986584
11506,-27.434437,152.986691,2,-27.433881,152.986787
11506,-27.434437,152.986691,3,-27.433881,152.986799
11506,-27.434437,152.986691,4,-27.43499,152.986596
11506,-27.434437,152.986691,5,-27.434993,152.986584
11507,-27.42286,152.989864,1,-27.426952,152.9891
11507,-27.43551,152.987542,1,-27.437859,152.98711
11507,-27.428908,152.988736,1,-27.430864,152.988371
11507,-27.432013,152.988172,1,-27.433161,152.987974
11507,-27.432013,152.988172,2,-27.430864,152.988371
11507,-27.428908,152.988736,2,-27.426952,152.9891
11507,-27.43551,152.987542,2,-27.433161,152.987974
11507,-27.42286,152.989864,2,-27.418768,152.990629
11533,-37.83257,140.776451,1,-37.83256996,140.7764509
11536,-37.832835,140.773007,1,-37.83283542,140.773007
11548,-27.437324,152.98382,1,-27.436786,152.984562
11548,-27.437324,152.98382,2,-27.436621,152.98335
11548,-27.437324,152.98382,3,-27.43794,152.983078
11548,-27.437324,152.98382,4,-27.438027,152.984319
11548,-27.437324,152.98382,5,-27.436786,152.984562
11549,-27.436825,152.984523,1,-27.436825,152.984523
11550,-27.436575,152.987885,1,-27.436545,152.987379
11550,-27.436575,152.987885,2,-27.436605,152.988392
11551,-27.43673,152.983555,1,-27.43673,152.983555
11552,-27.436881,152.985281,1,-27.43655,152.9848
11552,-27.436881,152.985281,2,-27.437068,152.984766
11552,-27.436881,152.985281,3,-27.437211,152.985665
11552,-27.436881,152.985281,4,-27.436693,152.985795
11552,-27.436881,152.985281,5,-27.43655,152.9848
11553,-27.437126,152.985625,1,-27.437126,152.985625
11567,-32.247481,148.60564,1,-32.247566,148.606253
11567,-32.247072,148.602592,1,-32.247243,148.603801
11567,-32.247319,148.604414,1,-32.247396,148.605027
11567,-32.247319,148.604414,2,-32.247243,148.603801
11567,-32.247072,148.602592,2,-32.246902,148.601383
11567,-32.247481,148.60564,2,-32.247396,148.605027
11568,-32.247353,148.604499,1,-32.247153,148.604018
11568,-32.247353,148.604499,2,-32.247424,148.603958
11568,-32.247353,148.604499,3,-32.247554,148.60501
11568,-32.247353,148.604499,4,-32.2473,148.605039
11568,-32.247353,148.604499,5,-32.247153,148.604018
11569,-32.24727,148.60432,1,-32.24727,148.60432
11570,-32.248354,148.602985,1,-32.248433,148.603588
11570,-32.248354,148.602985,2,-32.248276,148.602383
11571,-32.252527,148.604098,1,-32.251529,148.604271
11571,-32.25085,148.604404,1,-32.250171,148.604538
11571,-32.249558,148.604647,1,-32.248946,148.604757
11571,-32.248952,148.604757,1,-32.248959,148.604757
11571,-32.248187,148.60491,1,-32.247415,148.605063
11571,-32.247415,148.60511,1,-32.247415,148.605157
11571,-32.246918,148.60525,1,-32.246421,148.605344
11571,-32.246039,148.605403,1,-32.245657,148.605463
11571,-32.245538,148.605496,1,-32.245418,148.605529
11571,-32.245538,148.605496,2,-32.245657,148.605463
11571,-32.246039,148.605403,2,-32.246421,148.605344
11571,-32.246918,148.60525,2,-32.247415,148.605157
11571,-32.247415,148.60511,2,-32.247415,148.605063
11571,-32.248187,148.60491,2,-32.248959,148.604757
11571,-32.248952,148.604757,2,-32.248946,148.604757
11571,-32.249558,148.604647,2,-32.250171,148.604538
11571,-32.25085,148.604404,2,-32.251529,148.604271
11571,-32.252527,148.604098,2,-32.253526,148.603925
11572,-32.252312,148.602859,1,-32.251385,148.603027
11572,-32.250344,148.603235,1,-32.249304,148.603442
11572,-32.248271,148.603632,1,-32.247239,148.603821
11572,-32.246431,148.603976,1,-32.245623,148.60413
11572,-32.245399,148.604169,1,-32.245175,148.604208
11572,-32.244993,148.604236,1,-32.24481,148.604264
11572,-32.244993,148.604236,2,-32.245175,148.604208
11572,-32.245399,148.604169,2,-32.245623,148.60413
11572,-32.246431,148.603976,2,-32.247239,148.603821
11572,-32.248271,148.603632,2,-32.249304,148.603442
11572,-32.250344,148.603235,2,-32.251385,148.603027
11572,-32.252312,148.602859,2,-32.253239,148.60269
11573,-32.249839,148.607342,1,-32.249639,148.605829
11573,-32.249555,148.605251,1,-32.249471,148.604673
11573,-32.249377,148.604053,1,-32.249282,148.603433
11573,-32.249135,148.602204,1,-32.248988,148.600975
11573,-32.249135,148.602204,2,-32.249282,148.603433
11573,-32.249377,148.604053,2,-32.249471,148.604673
11573,-32.249555,148.605251,2,-32.249639,148.605829
11573,-32.249839,148.607342,2,-32.250039,148.608855
11574,-32.252627,148.605536,1,-32.251798,148.605452
11574,-32.25175,148.605464,1,-32.251702,148.605476
11574,-32.250669,148.605656,1,-32.249636,148.605836
11574,-32.248578,148.606064,1,-32.247521,148.606293
11574,-32.246056,148.606557,1,-32.24459,148.606821
11574,-32.24411,148.606917,1,-32.243629,148.607013
11574,-32.243557,148.607013,1,-32.243485,148.607013
11574,-32.243557,148.607013,2,-32.243629,148.607013
11574,-32.24411,148.606917,2,-32.24459,148.606821
11574,-32.246056,148.606557,2,-32.247521,148.606293
11574,-32.248578,148.606064,2,-32.249636,148.605836
11574,-32.250669,148.605656,2,-32.251702,148.605476
11574,-32.25175,148.605464,2,-32.251798,148.605452
11574,-32.252627,148.605536,2,-32.253455,148.60562
11575,-32.247514,148.6056,1,-32.247336,148.605257
11575,-32.247514,148.6056,2,-32.247554,148.605079
11575,-32.247514,148.6056,3,-32.247691,148.606064
11575,-32.247514,148.6056,4,-32.247451,148.606121
11575,-32.247514,148.6056,5,-32.247336,148.605257
11579,-27.420659,152.98318,1,-27.4203,152.982843
11579,-27.420659,152.98318,2,-27.421017,152.983517
11587,-37.824166,140.774566,1,-37.824166,140.774566
11587,-37.824166,140.774566,1,-37.824166,140.774566
11588,-37.822918,140.772535,1,-37.820432,140.773785
11588,-37.822918,140.772535,2,-37.825403,140.771284
11589,-37.822238,140.773412,1,-37.821371,140.770691
11589,-37.822238,140.773412,2,-37.823105,140.776132
11590,-37.823032,140.773018,1,-37.822165,140.770296
11590,-37.823032,140.773018,2,-37.823899,140.775741
11591,-37.824114,140.770622,1,-37.823745,140.769495
11591,-37.824114,140.770622,2,-37.824483,140.771749
11592,-37.823309,140.771013,1,-37.822952,140.76988
11592,-37.823309,140.771013,2,-37.823666,140.772146
11593,-37.825413,140.776213,1,-37.825754,140.777284
11593,-37.825413,140.776213,2,-37.825071,140.775142
11594,-37.823289,140.77235,1,-37.823599,140.772112
11594,-37.823289,140.77235,2,-37.823646,140.77226
11594,-37.823289,140.77235,3,-37.822992,140.772587
11594,-37.823289,140.77235,4,-37.822932,140.772445
11594,-37.823289,140.77235,5,-37.823599,140.772112
11595,-37.824073,140.771955,1,-37.824394,140.771705
11595,-37.824073,140.771955,2,-37.823711,140.772044
11595,-37.824073,140.771955,3,-37.823773,140.772205
11595,-37.824073,140.771955,4,-37.824435,140.771851
11595,-37.824073,140.771955,5,-37.824394,140.771705
11596,-37.824115,140.770634,1,-37.823715,140.769591
11596,-37.824115,140.770634,2,-37.823842,140.769569
11596,-37.824115,140.770634,3,-37.824514,140.771645
11596,-37.824115,140.770634,4,-37.824393,140.771698
11596,-37.824115,140.770634,5,-37.823715,140.769591
11597,-37.823321,140.771007,1,-37.822927,140.76999
11597,-37.823321,140.771007,2,-37.823044,140.769926
11597,-37.823321,140.771007,3,-37.823715,140.772045
11597,-37.823321,140.771007,4,-37.823608,140.772087
11597,-37.823321,140.771007,5,-37.822927,140.76999
11623,-37.814105,140.772339,1,-37.814507,140.772668
11623,-37.814105,140.772339,2,-37.814196,140.771708
11623,-37.814105,140.772339,3,-37.813869,140.771878
11623,-37.814105,140.772339,4,-37.813703,140.772402
11623,-37.814105,140.772339,5,-37.813875,140.772955
11623,-37.814105,140.772339,6,-37.813906,140.77297
11623,-37.814105,140.772339,7,-37.814507,140.772668
11624,-37.813893,140.772785,1,-37.813893,140.772785
11625,-37.813825,140.772639,1,-37.813825,140.772639
11630,-37.814007,140.772726,1,-37.813988,140.77277
11630,-37.814007,140.772726,2,-37.813973,140.7727
11630,-37.814007,140.772726,3,-37.814021,140.772682
11630,-37.814007,140.772726,4,-37.814041,140.772749
11630,-37.814007,140.772726,5,-37.813988,140.77277
11678,-37.814147,140.77211,1,-37.814124,140.772175
11678,-37.814147,140.77211,2,-37.814099,140.772095
11678,-37.814147,140.77211,3,-37.814164,140.772044
11678,-37.814147,140.77211,4,-37.814195,140.772139
11678,-37.814147,140.77211,5,-37.814124,140.772175
11805,-37.84278,140.776481,1,-37.843026,140.775508
11805,-37.841657,140.781508,1,-37.84165721,140.7815079
11805,-37.84278,140.776481,2,-37.842533,140.777455
11806,-37.842649,140.777704,1,-37.842533,140.777455
11806,-37.842649,140.777704,2,-37.842764,140.777954
11807,-37.814026,140.772232,1,-37.813766,140.773067
11807,-37.814026,140.772232,2,-37.813872,140.77295
11807,-37.814026,140.772232,3,-37.8137,140.772405
11807,-37.814026,140.772232,4,-37.813868,140.771877
11807,-37.814026,140.772232,5,-37.814501,140.771549
11807,-37.814026,140.772232,6,-37.814447,140.771397
11807,-37.814026,140.772232,7,-37.813765,140.771743
11807,-37.814026,140.772232,8,-37.813552,140.772405
11807,-37.814026,140.772232,9,-37.813766,140.773067
11808,-37.81374,140.772766,1,-37.813624,140.772402
11808,-37.814192,140.771621,1,-37.814567,140.77143
11808,-37.81372,140.772107,1,-37.813817,140.771812
11808,-37.81372,140.772107,2,-37.813624,140.772402
11808,-37.814192,140.771621,2,-37.813817,140.771812
11808,-37.81374,140.772766,2,-37.813857,140.77313
11809,-37.813712,140.772737,1,-37.813552,140.772409
11809,-37.813712,140.772737,2,-37.813765,140.773067
11809,-37.813712,140.772737,3,-37.813871,140.772951
11809,-37.813712,140.772737,4,-37.813698,140.772407
11809,-37.813712,140.772737,5,-37.813552,140.772409
11810,-37.813711,140.772072,1,-37.813766,140.77174
11810,-37.813711,140.772072,2,-37.813551,140.772405
11810,-37.813711,140.772072,3,-37.813698,140.772404
11810,-37.813711,140.772072,4,-37.81387,140.771876
11810,-37.813711,140.772072,5,-37.813766,140.77174
11811,-37.814134,140.771636,1,-37.814502,140.771552
11811,-37.814134,140.771636,2,-37.813866,140.771878
11811,-37.814134,140.771636,3,-37.813767,140.771744
11811,-37.814134,140.771636,4,-37.814448,140.771394
11811,-37.814134,140.771636,5,-37.814502,140.771552
11812,-37.814274,140.772457,1,-37.814274,140.772457
11817,-37.842289,140.778192,1,-37.842764,140.777954
11817,-37.842289,140.778192,2,-37.841814,140.77843
11818,-37.841991,140.778984,1,-37.841814,140.77843
11818,-37.841991,140.778984,2,-37.842169,140.779538
11819,-37.842018,140.779693,1,-37.842169,140.779538
11819,-37.842018,140.779693,2,-37.841867,140.779848
11820,-37.840866,140.780347,1,-37.841867,140.779848
11820,-37.840866,140.780347,2,-37.839865,140.780845
11821,-37.839709,140.780331,1,-37.839865,140.780845
11821,-37.839709,140.780331,2,-37.839553,140.779818
11822,-37.839437,140.779473,1,-37.839553,140.779818
11822,-37.839437,140.779473,2,-37.839321,140.779128
11823,-37.840023,140.778772,1,-37.839321,140.779128
11823,-37.840023,140.778772,2,-37.840725,140.778415
11824,-37.840413,140.779388,1,-37.839553,140.779818
11824,-37.840413,140.779388,2,-37.841274,140.778959
11825,-37.842041,140.78037,1,-37.841867,140.779848
11825,-37.842041,140.78037,2,-37.842215,140.780892
11828,-37.841902,140.781056,1,-37.842215,140.780892
11828,-37.841902,140.781056,2,-37.841588,140.781221
11829,-37.84089,140.781578,1,-37.841588,140.781221
11829,-37.84089,140.781578,2,-37.840191,140.781935
11830,-37.804554,140.782246,1,-37.80405245,140.7824655
11830,-37.804554,140.782246,2,-37.80505562,140.7820258
11831,-37.839478,140.782291,1,-37.840191,140.781935
11831,-37.839478,140.782291,2,-37.838765,140.782648
11832,-37.84035,140.782466,1,-37.840191,140.781935
11832,-37.84035,140.782466,2,-37.84051,140.782997
11833,-37.840615,140.783324,1,-37.84051,140.782997
11833,-37.840615,140.783324,2,-37.84072,140.783651
11834,-37.840774,140.783841,1,-37.84072,140.783651
11834,-37.840774,140.783841,2,-37.840829,140.784032
11835,-37.841527,140.783267,1,-37.84072,140.783651
11835,-37.841527,140.783267,2,-37.842334,140.782883
11836,-37.839721,140.7834,1,-37.84051,140.782997
11836,-37.839721,140.7834,2,-37.838933,140.783802
11837,-37.84044,140.784229,1,-37.840829,140.784032
11837,-37.84044,140.784229,2,-37.840051,140.784426
11838,-37.839658,140.784613,1,-37.840051,140.784426
11838,-37.839658,140.784613,2,-37.839266,140.784801
11839,-37.840186,140.784943,1,-37.840051,140.784426
11839,-37.840186,140.784943,2,-37.84032,140.785461
11936,-37.816292,140.775088,1,-37.81613304,140.7760583
11936,-37.816292,140.775088,2,-37.81653372,140.7759397
11936,-37.816292,140.775088,3,-37.81659735,140.7752128
11936,-37.816292,140.775088,4,-37.81674024,140.7751386
11936,-37.816292,140.775088,5,-37.81671383,140.7749284
11936,-37.816292,140.775088,6,-37.81681774,140.7748707
11936,-37.816292,140.775088,7,-37.81679997,140.7746467
11936,-37.816292,140.775088,8,-37.81679697,140.7742097
11936,-37.816292,140.775088,9,-37.81676645,140.7741169
11936,-37.816292,140.775088,10,-37.81606939,140.774496
11936,-37.816292,140.775088,11,-37.81576682,140.7749258
11936,-37.816292,140.775088,12,-37.81613304,140.7760583
11937,-37.816212,140.775865,1,-37.81621155,140.7758648
11937,-37.816212,140.775865,1,-37.81621155,140.7758648
11938,-37.816345,140.775756,1,-37.81628866,140.7758393
11938,-37.816345,140.775756,2,-37.8162582,140.7757766
11938,-37.816345,140.775756,3,-37.81626464,140.7757438
11938,-37.816345,140.775756,4,-37.81630571,140.7756918
11938,-37.816345,140.775756,5,-37.81641403,140.7756723
11938,-37.816345,140.775756,6,-37.81643144,140.7757105
11938,-37.816345,140.775756,7,-37.81641207,140.7757816
11938,-37.816345,140.775756,8,-37.81634932,140.7758309
11938,-37.816345,140.775756,9,-37.81628866,140.7758393
11944,-37.814401,140.772429,1,-37.81440069,140.7724288
11945,-37.813875,140.772483,1,-37.81387493,140.7724834
12226,-37.845957,140.790856,1,-37.84586074,140.7919909
12226,-37.845957,140.790856,2,-37.84527459,140.7901124
12226,-37.845957,140.790856,3,-37.84605663,140.7897214
12226,-37.845957,140.790856,4,-37.84663941,140.7916042
12226,-37.845957,140.790856,5,-37.84586074,140.7919909
12227,-37.846142,140.79158,1,-37.84610314,140.7916916
12227,-37.846142,140.79158,2,-37.84607712,140.7916684
12227,-37.846142,140.79158,3,-37.84605096,140.7915668
12227,-37.846142,140.79158,4,-37.846059,140.7915244
12227,-37.846142,140.79158,5,-37.8461742,140.7914688
12227,-37.846142,140.79158,6,-37.84620402,140.791494
12227,-37.846142,140.79158,7,-37.84623341,140.7915847
12227,-37.846142,140.79158,8,-37.846227,140.7916305
12227,-37.846142,140.79158,9,-37.84610314,140.7916916
12269,-37.814196,140.772778,1,-37.81419607,140.7727776
12270,-37.814299,140.772698,1,-37.81429876,140.7726981
12271,-37.81752,140.7802,1,-37.81698376,140.7793742
12271,-37.81752,140.7802,2,-37.81734175,140.7791963
12271,-37.81752,140.7802,3,-37.81741375,140.7793768
12271,-37.81752,140.7802,4,-37.81760677,140.7792898
12271,-37.81752,140.7802,5,-37.81808002,140.7807731
12271,-37.81752,140.7802,6,-37.81725202,140.7812037
12271,-37.81752,140.7802,7,-37.8169606,140.7803169
12271,-37.81752,140.7802,8,-37.8170913,140.7802301
12271,-37.81752,140.7802,9,-37.81696286,140.7798573
12271,-37.81752,140.7802,10,-37.81709668,140.7797744
12271,-37.81752,140.7802,11,-37.81698376,140.7793742
12272,-37.814422,140.77239,1,-37.81435059,140.7723033
12272,-37.814422,140.77239,2,-37.81444805,140.7722633
12272,-37.814422,140.77239,3,-37.81449243,140.7724337
12272,-37.814422,140.77239,4,-37.81439191,140.7725173
12272,-37.814422,140.77239,5,-37.81435059,140.7723033
12273,-37.813871,140.772065,1,-37.81387075,140.7720647
12274,-37.80944,140.771075,1,-37.81036997,140.770612
12274,-37.80944,140.771075,2,-37.8085092,140.771538
12275,-37.809801,140.77233,1,-37.80859228,140.7716081
12275,-37.809801,140.77233,2,-37.81031847,140.7706953
12275,-37.809801,140.77233,3,-37.81036862,140.7707267
12275,-37.809801,140.77233,4,-37.81050071,140.7710419
12275,-37.809801,140.77233,5,-37.81065136,140.7712467
12275,-37.809801,140.77233,6,-37.81083329,140.7714355
12275,-37.809801,140.77233,7,-37.81100896,140.7716243
12275,-37.809801,140.77233,8,-37.80964219,140.7738697
12275,-37.809801,140.77233,9,-37.8093669,140.7739652
12275,-37.809801,140.77233,10,-37.80859228,140.7716081
12276,-37.8093,140.772466,1,-37.80929999,140.7724659
12277,-37.809557,140.773735,1,-37.80955695,140.7737355
12278,-37.80955,140.771361,1,-37.80954969,140.7713605
12425,-37.845248,140.833039,1,-37.84454651,140.8309149
12425,-37.843385,140.827335,1,-37.84222386,140.8237543
12425,-37.840832,140.819362,1,-37.83944094,140.814969
12425,-37.838873,140.813202,1,-37.83830495,140.8114344
12425,-37.837412,140.80878,1,-37.83651854,140.8061265
12425,-37.833847,140.800018,1,-37.83343505,140.7996173
12425,-37.83593,140.804282,1,-37.83534092,140.8024368
12425,-37.83514,140.801848,1,-37.83493816,140.8012588
12425,-37.834598,140.800839,1,-37.83425851,140.8004184
12425,-37.834598,140.800839,2,-37.83493816,140.8012588
12425,-37.83514,140.801848,2,-37.83534092,140.8024368
12425,-37.83593,140.804282,2,-37.83651854,140.8061265
12425,-37.833847,140.800018,2,-37.83425851,140.8004184
12425,-37.837412,140.80878,2,-37.83830495,140.8114344
12425,-37.838873,140.813202,2,-37.83944094,140.814969
12425,-37.840832,140.819362,2,-37.84222386,140.8237543
12425,-37.843385,140.827335,2,-37.84454651,140.8309149
12425,-37.845248,140.833039,2,-37.8459501,140.8351623
12426,-37.836559,140.806312,1,-37.8364147,140.8062581
12426,-37.836559,140.806312,2,-37.83648936,140.806479
12426,-37.836559,140.806312,3,-37.83670318,140.8063735
12426,-37.836559,140.806312,4,-37.83662256,140.8061452
12426,-37.836559,140.806312,5,-37.8364147,140.8062581
12427,-37.835968,140.804466,1,-37.83531048,140.8027685
12427,-37.835968,140.804466,2,-37.83552347,140.8026812
12427,-37.835968,140.804466,3,-37.83662583,140.8061459
12427,-37.835968,140.804466,4,-37.83641287,140.8062505
12427,-37.835968,140.804466,5,-37.83531048,140.8027685
12428,-37.835369,140.802602,1,-37.8352243,140.8025004
12428,-37.835369,140.802602,2,-37.83521987,140.8025287
12428,-37.835369,140.802602,3,-37.83521187,140.8025614
12428,-37.835369,140.802602,4,-37.83525243,140.802725
12428,-37.835369,140.802602,5,-37.83527394,140.8027351
12428,-37.835369,140.802602,6,-37.83529188,140.8027531
12428,-37.835369,140.802602,7,-37.83530443,140.8027633
12428,-37.835369,140.802602,8,-37.83552544,140.802678
12428,-37.835369,140.802602,9,-37.83545162,140.8024411
12428,-37.835369,140.802602,10,-37.8352243,140.8025004
12429,-37.834878,140.801441,1,-37.83446804,140.800387
12429,-37.834878,140.801441,2,-37.834504,140.8004464
12429,-37.834878,140.801441,3,-37.83455695,140.8005153
12429,-37.834878,140.801441,4,-37.83462879,140.8005936
12429,-37.834878,140.801441,5,-37.83469305,140.8006482
12429,-37.834878,140.801441,6,-37.83483109,140.8008144
12429,-37.834878,140.801441,7,-37.83492803,140.8009515
12429,-37.834878,140.801441,8,-37.83497254,140.8010477
12429,-37.834878,140.801441,9,-37.83507301,140.8013187
12429,-37.834878,140.801441,10,-37.83512278,140.8014584
12429,-37.834878,140.801441,11,-37.83514364,140.8015178
12429,-37.834878,140.801441,12,-37.83517012,140.8015534
12429,-37.834878,140.801441,13,-37.83521565,140.8016937
12429,-37.834878,140.801441,14,-37.83537119,140.8021692
12429,-37.834878,140.801441,15,-37.83545089,140.8024354
12429,-37.834878,140.801441,16,-37.83522454,140.8024955
12429,-37.834878,140.801441,17,-37.83509737,140.8020533
12429,-37.834878,140.801441,18,-37.83496266,140.8016206
12429,-37.834878,140.801441,19,-37.83483,140.8012879
12429,-37.834878,140.801441,20,-37.83474483,140.8011406
12429,-37.834878,140.801441,21,-37.8346881,140.8010693
12429,-37.834878,140.801441,22,-37.83450328,140.8008575
12429,-37.834878,140.801441,23,-37.83430433,140.8006611
12429,-37.834878,140.801441,24,-37.83446804,140.800387
12430,-37.834123,140.800283,1,-37.83391902,140.7999099
12430,-37.834123,140.800283,2,-37.83397571,140.7999498
12430,-37.834123,140.800283,3,-37.83402686,140.7999836
12430,-37.834123,140.800283,4,-37.83407663,140.8000174
12430,-37.834123,140.800283,5,-37.83413192,140.8000486
12430,-37.834123,140.800283,6,-37.83416854,140.8000624
12430,-37.834123,140.800283,7,-37.83416854,140.8000624
12430,-37.834123,140.800283,8,-37.83420618,140.8000671
12430,-37.834123,140.800283,9,-37.83423518,140.8000653
12430,-37.834123,140.800283,10,-37.83425449,140.8000548
12430,-37.834123,140.800283,11,-37.83428071,140.8000408
12430,-37.834123,140.800283,12,-37.83429863,140.8000233
12430,-37.834123,140.800283,13,-37.8344425,140.800171
12430,-37.834123,140.800283,14,-37.83443842,140.800211
12430,-37.834123,140.800283,15,-37.8344316,140.8002633
12430,-37.834123,140.800283,16,-37.83443857,140.8002963
12430,-37.834123,140.800283,17,-37.8344483,140.8003364
12430,-37.834123,140.800283,18,-37.83446771,140.8003833
12430,-37.834123,140.800283,19,-37.83430523,140.8006571
12430,-37.834123,140.800283,20,-37.83406039,140.800414
12430,-37.834123,140.800283,21,-37.83377925,140.8001384
12430,-37.834123,140.800283,22,-37.83391902,140.7999099
12431,-37.833667,140.799837,1,-37.83341468,140.7997631
12431,-37.833667,140.799837,2,-37.83354595,140.7995414
12431,-37.833667,140.799837,3,-37.83391841,140.7999044
12431,-37.833667,140.799837,4,-37.83377907,140.8001334
12431,-37.833667,140.799837,5,-37.83341468,140.7997631
12432,-37.822136,140.805355,1,-37.82444177,140.8041613
12432,-37.826921,140.802921,1,-37.82940036,140.8016811
12432,-37.831404,140.800679,1,-37.83340815,140.7996769
12432,-37.831404,140.800679,2,-37.82940036,140.8016811
12432,-37.826921,140.802921,2,-37.82444177,140.8041613
12432,-37.822136,140.805355,2,-37.81982943,140.806548
12433,-37.828998,140.801914,1,-37.82907591,140.8017805
12433,-37.828998,140.801914,2,-37.82888448,140.8018745
12433,-37.828998,140.801914,3,-37.82891342,140.8020166
12433,-37.828998,140.801914,4,-37.82893747,140.802025
12433,-37.828998,140.801914,5,-37.82896087,140.8020476
12433,-37.828998,140.801914,6,-37.82908764,140.8020044
12433,-37.828998,140.801914,7,-37.82908757,140.801964
12433,-37.828998,140.801914,8,-37.82910153,140.8019303
12433,-37.828998,140.801914,9,-37.8291122,140.801921
12433,-37.828998,140.801914,10,-37.82907591,140.8017805
12434,-37.829197,140.801796,1,-37.8292803,140.8016772
12434,-37.829197,140.801796,2,-37.82907531,140.8017755
12434,-37.829197,140.801796,3,-37.82911313,140.8019146
12434,-37.829197,140.801796,4,-37.82931891,140.8018193
12434,-37.829197,140.801796,5,-37.8292803,140.8016772
12435,-37.829424,140.80166,1,-37.8294951,140.801543
12435,-37.829424,140.80166,2,-37.82946064,140.8015462
12435,-37.829424,140.80166,3,-37.82941133,140.8015045
12435,-37.829424,140.80166,4,-37.8293031,140.8015591
12435,-37.829424,140.80166,5,-37.82930567,140.8016227
12435,-37.829424,140.80166,6,-37.82928113,140.8016709
12435,-37.829424,140.80166,7,-37.8293183,140.8018151
12435,-37.829424,140.80166,8,-37.82953107,140.8017074
12435,-37.829424,140.80166,9,-37.82954098,140.8017462
12435,-37.829424,140.80166,10,-37.82956681,140.8017322
12435,-37.829424,140.80166,11,-37.8294951,140.801543
12436,-37.831428,140.800696,1,-37.83336037,140.7997629
12436,-37.831428,140.800696,2,-37.83320495,140.7996632
12436,-37.831428,140.800696,3,-37.82949474,140.8015373
12436,-37.831428,140.800696,4,-37.82956727,140.8017283
12436,-37.831428,140.800696,5,-37.83336037,140.7997629
12513,-37.831137,140.807074,1,-37.8317597,140.8093938
12513,-37.831137,140.807074,2,-37.83197266,140.8093177
12513,-37.831137,140.807074,3,-37.83051239,140.8048
12513,-37.831137,140.807074,4,-37.83031464,140.8048913
12513,-37.831137,140.807074,5,-37.83177491,140.8093634
12513,-37.831137,140.807074,6,-37.8317597,140.8093938
12514,-37.830945,140.808944,1,-37.830539,140.8086903
12514,-37.830945,140.808944,2,-37.8308715,140.808532
12514,-37.830945,140.808944,3,-37.83057067,140.8087537
12514,-37.830945,140.808944,4,-37.83090317,140.8085637
12514,-37.830945,140.808944,5,-37.830539,140.8086903
12548,-37.828738,140.764874,1,-37.8283555,140.764903
12548,-37.828738,140.764874,2,-37.829022,140.7645732
12548,-37.828738,140.764874,3,-37.82912507,140.7648411
12548,-37.828738,140.764874,4,-37.8284517,140.7651778
12548,-37.828738,140.764874,5,-37.8283555,140.764903
12626,-37.840024,140.796394,1,-37.8401,140.7965474
12626,-37.840024,140.796394,2,-37.8400172,140.7962162
12626,-37.840024,140.796394,3,-37.8399482,140.79623
12626,-37.840024,140.796394,4,-37.840031,140.796575
12626,-37.840024,140.796394,5,-37.8401,140.7965474
12654,-37.816106,140.776226,1,-37.81580939,140.7752961
12654,-37.815372,140.773925,1,-37.81493497,140.7725545
12654,-37.814752,140.771986,1,-37.81456991,140.7714174
12654,-37.814387,140.77086,1,-37.81420489,140.7703017
12654,-37.814387,140.77086,2,-37.81456991,140.7714174
12654,-37.814752,140.771986,2,-37.81493497,140.7725545
12654,-37.815372,140.773925,2,-37.81580939,140.7752961
12654,-37.816106,140.776226,2,-37.81640361,140.7771558
12655,-37.814755,140.771986,1,-37.81455012,140.7715727
12655,-37.814755,140.771986,2,-37.81467015,140.771507
12655,-37.814755,140.771986,3,-37.81495929,140.7723941
12655,-37.814755,140.771986,4,-37.81482749,140.7724658
12655,-37.814755,140.771986,5,-37.81455012,140.7715727
12656,-37.81457,140.771424,1,-37.81446722,140.7713443
12656,-37.81457,140.771424,2,-37.81445319,140.7713978
12656,-37.81457,140.771424,3,-37.81450295,140.7715462
12656,-37.81457,140.771424,4,-37.81454304,140.7715668
12656,-37.81457,140.771424,5,-37.81466544,140.771507
12656,-37.81457,140.771424,6,-37.81468655,140.7714595
12656,-37.81457,140.771424,7,-37.81463441,140.7712993
12656,-37.81457,140.771424,8,-37.81459432,140.7712816
12656,-37.81457,140.771424,9,-37.81446722,140.7713443
12657,-37.814569,140.771427,1,-37.81450254,140.7713323
12657,-37.814569,140.771427,2,-37.81456843,140.7712965
12657,-37.814569,140.771427,3,-37.81458499,140.7713291
12657,-37.814569,140.771427,4,-37.81462036,140.7713468
12657,-37.814569,140.771427,5,-37.81464155,140.7713378
12657,-37.814569,140.771427,6,-37.8146747,140.7714239
12657,-37.814569,140.771427,7,-37.81465117,140.7714418
12657,-37.814569,140.771427,8,-37.81463712,140.7714863
12657,-37.814569,140.771427,9,-37.81464191,140.771522
12657,-37.814569,140.771427,10,-37.81457365,140.7715578
12657,-37.814569,140.771427,11,-37.8145571,140.7715252
12657,-37.814569,140.771427,12,-37.8145453,140.7715134
12657,-37.814569,140.771427,13,-37.81451233,140.7715224
12657,-37.814569,140.771427,14,-37.81446262,140.7714008
12657,-37.814569,140.771427,15,-37.81449557,140.7713858
12657,-37.814569,140.771427,16,-37.81450494,140.7713561
12657,-37.814569,140.771427,17,-37.81450254,140.7713323
12658,-37.814385,140.770863,1,-37.81417805,140.7704424
12658,-37.814385,140.770863,2,-37.8143028,140.7703827
12658,-37.814385,140.770863,3,-37.81459196,140.7712816
12658,-37.814385,140.770863,4,-37.81446251,140.7713443
12658,-37.814385,140.770863,5,-37.81417805,140.7704424
12659,-37.814391,140.770859,1,-37.81421573,140.7704334
12659,-37.814391,140.770859,2,-37.81429103,140.7703916
12659,-37.814391,140.770859,3,-37.81456608,140.7712965
12659,-37.814391,140.770859,4,-37.81450488,140.7713264
12659,-37.814391,140.770859,5,-37.81421573,140.7704334
12660,-37.814758,140.771982,1,-37.81458073,140.7715608
12660,-37.814758,140.771982,2,-37.81465133,140.7715249
12660,-37.814758,140.771982,3,-37.81493574,140.7724031
12660,-37.814758,140.771982,4,-37.81486042,140.7724389
12660,-37.814758,140.771982,5,-37.81458073,140.7715608
12662,-37.826032,140.765579,1,-37.82587746,140.7681144
12662,-37.826032,140.765579,2,-37.82605566,140.7682079
12662,-37.826032,140.765579,3,-37.82683012,140.7678146
12662,-37.826032,140.765579,4,-37.8269101,140.7676044
12662,-37.826032,140.765579,5,-37.82643045,140.7660783
12662,-37.826032,140.765579,6,-37.82749746,140.7655319
12662,-37.826032,140.765579,7,-37.82667112,140.76295
12662,-37.826032,140.765579,8,-37.82456579,140.7640209
12662,-37.826032,140.765579,9,-37.82587746,140.7681144
14275,-37.841136,140.784062,1,-37.840983,140.784134
14275,-37.841136,140.784062,2,-37.841288,140.78399
14276,-37.841447,140.783903,1,-37.841288,140.78399
14276,-37.841447,140.783903,2,-37.841606,140.783816
14277,-37.841952,140.783648,1,-37.841606,140.783816
14277,-37.841952,140.783648,2,-37.842299,140.783481
14290,-37.842596,140.783311,1,-37.84288787,140.7831526
14290,-37.842596,140.783311,2,-37.84230382,140.7834687
14291,-37.842733,140.782703,1,-37.84259241,140.7822456
14291,-37.842733,140.782703,2,-37.84287412,140.7831595
14292,-37.842362,140.782328,1,-37.84213205,140.7824518
14292,-37.842362,140.782328,2,-37.84259241,140.7822044
14293,-37.84167,140.782653,1,-37.84135561,140.7828056
14293,-37.84167,140.782653,2,-37.84198432,140.7824999
14294,-37.841184,140.782916,1,-37.84098457,140.7830083
14294,-37.841184,140.782916,2,-37.8413831,140.7828228
14295,-37.841239,140.783807,1,-37.84118384,140.7836302
14295,-37.841239,140.783807,2,-37.84129377,140.783984
14296,-37.841052,140.783182,1,-37.84099488,140.782998
14296,-37.841052,140.783182,2,-37.84110825,140.7833656
14297,-37.842053,140.782294,1,-37.84196027,140.7821426
14297,-37.842053,140.782294,2,-37.84214579,140.7824449
14298,-37.841813,140.781744,1,-37.84170604,140.7813867
14298,-37.841813,140.781744,2,-37.84191904,140.7821013
14299,-37.84094,140.782835,1,-37.84086777,140.7825995
14299,-37.84094,140.782835,2,-37.84101206,140.7830702
14300,-37.84072,140.782679,1,-37.84057231,140.7827507
14300,-37.84072,140.782679,2,-37.84086777,140.7826064
14301,-37.840478,140.782421,1,-37.84036961,140.7820876
14301,-37.840478,140.782421,2,-37.84058605,140.7827541
14538,-37.843364,140.779433,1,-37.84309234,140.7783677
14538,-37.843364,140.779433,2,-37.84308918,140.7784964
14538,-37.843364,140.779433,3,-37.84331849,140.7810399
14538,-37.843364,140.779433,4,-37.84337645,140.7811041
14538,-37.843364,140.779433,5,-37.84342271,140.7803703
14538,-37.843364,140.779433,6,-37.84370259,140.7790266
14538,-37.843364,140.779433,7,-37.84374297,140.7787862
14538,-37.843364,140.779433,8,-37.8438241,140.7785071
14538,-37.843364,140.779433,9,-37.84375269,140.7785287
14538,-37.843364,140.779433,10,-37.84363335,140.7783918
14538,-37.843364,140.779433,11,-37.84316605,140.7777625
14538,-37.843364,140.779433,12,-37.84290441,140.7779435
14538,-37.843364,140.779433,13,-37.84309234,140.7783677
14539,-37.843768,140.778557,1,-37.84374519,140.7785773
14539,-37.843768,140.778557,2,-37.84376504,140.7785772
14539,-37.843768,140.778557,3,-37.84377396,140.7785936
14539,-37.843768,140.778557,4,-37.84379847,140.778521
14539,-37.843768,140.778557,5,-37.84373826,140.778535
14539,-37.843768,140.778557,6,-37.84374519,140.7785773
14751,-32.928696,151.77357,1,-32.9286961,151.7735696
15463,52.670247,-1.934033,1,52.6702474,-1.9340335
15622,-37.837869,140.783941,1,-90,0
15622,-37.837869,140.783941,1,-37.8413,140.784
15622,-37.837869,140.783941,2,-37.8416,140.784
15622,-37.837869,140.783941,2,-90,0
15622,-37.837869,140.783941,3,-37.83754021,140.7842114
15622,-37.837869,140.783941,4,-37.83809598,140.7841631
15622,-37.837869,140.783941,5,-37.83821716,140.7845716
15622,-37.837869,140.783941,6,-37.83836533,140.7845361
15622,-37.837869,140.783941,7,-37.83797398,140.7833107
15622,-37.837869,140.783941,8,-37.83737232,140.7835928
15622,-37.837869,140.783941,9,-37.83754021,140.7842114
15623,-37.837521,140.783861,1,-90,0
15623,-37.837521,140.783861,1,-37.841,140.784
15623,-37.837521,140.783861,2,-37.8413,140.784
15623,-37.837521,140.783861,2,-90,0
15623,-37.837521,140.783861,3,-37.83752104,140.783861
15686,-37.842766,140.777953,1,-37.84252059,140.7773927
15686,-37.842766,140.777953,2,-37.84301105,140.7785142
15687,-37.843064,140.779461,1,-37.84297771,140.7784258
15687,-37.843064,140.779461,2,-37.84315064,140.7804962
15688,-37.843776,140.782588,1,-37.84313865,140.7805419
15688,-37.843776,140.782588,2,-37.84338233,140.7817136
15688,-37.843776,140.782588,3,-37.84373459,140.7828394
15688,-37.843776,140.782588,4,-37.84392956,140.7837981
15688,-37.843776,140.782588,5,-37.84441409,140.7846342
15689,-37.841429,140.781322,1,-37.84158157,140.7812323
15689,-37.841429,140.781322,2,-37.8412767,140.781412
15783,-37.840075,140.774752,1,-37.84200117,140.7772066
15783,-37.840075,140.774752,2,-37.84074367,140.7755598
15783,-37.840075,140.774752,3,-37.83976081,140.7749439
15783,-37.840075,140.774752,4,-37.83912853,140.7722982
15783,-37.840075,140.774752,5,-37.83814798,140.7728857
15783,-37.840075,140.774752,6,-37.83834401,140.7755671
15783,-37.840075,140.774752,7,-37.84200117,140.7772066
15988,-37.673112,145.018632,1,-37.673112,145.018632
15993,-33.771855,150.908261,1,-33.771855,150.9082607
15998,-33.718023,150.92059,1,-33.7180232,150.9205896
16028,-31.080142,152.828172,1,-31.0801424,152.8281719
16135,-27.433506,153.06678,1,-27.4335063,153.0667801
16139,-27.43351,153.066813,1,-27.43351024,153.0668128
16142,-27.433633,153.067709,1,-27.43363274,153.0677086
16145,-27.433779,153.068857,1,-27.43377901,153.0688566
16148,-27.433906,153.069913,1,-27.43390642,153.0699134
16152,-37.826789,140.775535,1,-37.82701296,140.7765502
16152,-37.826789,140.775535,2,-37.82717973,140.7764655
16152,-37.826789,140.775535,3,-37.82656553,140.7745192
16152,-37.826789,140.775535,4,-37.82639882,140.7746339
16152,-37.826789,140.775535,5,-37.82701296,140.7765502
16156,-37.827456,140.777582,1,-37.82766088,140.7785885
16156,-37.827456,140.777582,2,-37.82783719,140.7785038
16156,-37.827456,140.777582,3,-37.82721829,140.7765755
16156,-37.827456,140.777582,4,-37.82707554,140.7767503
16156,-37.827456,140.777582,5,-37.82766088,140.7785885
16159,-37.828092,140.779642,1,-37.82831055,140.7806251
16159,-37.828092,140.779642,2,-37.82847299,140.7805183
16159,-37.828092,140.779642,3,-37.82789122,140.7786594
16159,-37.828092,140.779642,4,-37.82771059,140.7787055
16159,-37.828092,140.779642,5,-37.82831055,140.7806251
16162,-37.828758,140.781709,1,-37.82896188,140.7826157
16162,-37.828758,140.781709,2,-37.82911834,140.7825317
16162,-37.828758,140.781709,3,-37.82856094,140.7808017
16162,-37.828758,140.781709,4,-37.82839839,140.7808554
16162,-37.828758,140.781709,5,-37.82896188,140.7826157
16165,-37.829308,140.783375,1,-37.82940515,140.784001
16165,-37.829308,140.783375,2,-37.82958577,140.7839473
16165,-37.829308,140.783375,3,-37.82919803,140.7827484
16165,-37.829308,140.783375,4,-37.82902952,140.7828325
16165,-37.829308,140.783375,5,-37.82940515,140.784001
16208,-33.071087,151.643578,1,-33.0710868,151.6435782
16267,-33.86803,151.126001,1,-33.8680297,151.126001
16271,-37.832335,140.775976,1,-37.83233506,140.7759762
16273,-37.833471,140.772205,1,-37.83347147,140.772205
16389,-32.93529,151.768709,1,-32.93529,151.768709
16461,-31.899654,152.459998,1,-31.899654,152.459998
16508,-32.006187,151.971691,1,-32.00618652,151.971691
16526,-28.011259,153.431762,1,-28.0112585,153.4317623
16527,-28.011259,153.431762,1,-28.0112585,153.4317623
16528,-28.011259,153.431762,1,-28.0112585,153.4317623
16529,-28.011259,153.431762,1,-28.0112585,153.4317623
16536,-35.826,150.124825,1,-35.8260002,150.1248247
16618,-37.830963,140.772504,1,-37.83096305,140.7725041
16621,-33.727381,150.883611,1,-33.7273806,150.8836107
16625,-33.727381,150.883611,1,-33.7273806,150.8836107
16632,28.367582,-80.688289,1,28.3675824,-80.6882888
16650,-33.727381,150.883611,1,-33.7273806,150.8836107
16668,-27.22462,151.882538,1,-27.2246197,151.8825381
16675,-27.22462,151.882538,1,-27.2246197,151.8825381
16680,-27.22462,151.882538,1,-27.2246197,151.8825381
16704,-34.78334,138.703118,1,-34.7833121,138.7033035
16704,-34.78334,138.703118,2,-34.78336874,138.7029329
16706,-34.783677,138.703581,1,-34.78356879,138.7035368
16706,-34.783677,138.703581,2,-34.78378445,138.7036259
16708,-34.782961,138.70274,1,-34.78303559,138.7028652
16708,-34.782961,138.70274,2,-34.78288637,138.7026148
16712,-34.783255,138.701787,1,-34.78339067,138.7017415
16712,-34.783024,138.701856,1,-34.78311929,138.7018329
16712,-34.782836,138.701893,1,-34.78292828,138.7018794
16712,-34.782836,138.701893,2,-34.78274303,138.7019066
16712,-34.783024,138.701856,2,-34.78292828,138.7018794
16712,-34.783255,138.701787,2,-34.78311929,138.7018329
16716,-34.782772,138.701473,1,-34.78283867,138.701454
16716,-34.782772,138.701473,2,-34.78270489,138.7014912
16867,34.232224,-82.192607,1,34.2322238,-82.1926071
18570,-37.834583,140.772678,1,-37.83458259,140.7726784
18625,-34.783946,138.704658,1,-34.78389826,138.7045748
18625,-34.783946,138.704658,2,-34.7839937,138.7047414
18690,-34.78477,138.703953,1,-34.78459588,138.7040346
18690,-34.78477,138.703953,2,-34.78494422,138.7038705
18692,-34.785098,138.703647,1,-34.78494422,138.7038705
18692,-34.784658,138.702883,1,-34.78478757,138.7029728
18692,-34.784658,138.702883,2,-34.78452873,138.7027929
18692,-34.785098,138.703647,2,-34.78525141,138.7034226
18693,-34.785072,138.703235,1,-34.78525141,138.7034226
18693,-34.78484,138.70301,1,-34.78489173,138.7030478
18693,-34.78484,138.70301,2,-34.78478757,138.7029728
18693,-34.785072,138.703235,2,-34.78489173,138.7030478
18697,-34.784398,138.702978,1,-34.7842665,138.7031638
18697,-34.784398,138.702978,2,-34.78452873,138.7027929
18698,-34.784161,138.703196,1,-34.7840558,138.7032275
18698,-34.784161,138.703196,2,-34.7842665,138.7031638
18699,-34.784204,138.702569,1,-34.78424215,138.7025949
18699,-34.784385,138.702694,1,-34.78452873,138.7027929
18699,-34.784136,138.702512,1,-34.78416593,138.702544
18699,-34.784037,138.702387,1,-34.78410658,138.7024798
18699,-34.784037,138.702387,2,-34.7839669,138.7022949
18699,-34.784136,138.702512,2,-34.78410658,138.7024798
18699,-34.784385,138.702694,2,-34.78424215,138.7025949
18699,-34.784204,138.702569,2,-34.78416593,138.702544
18700,-34.784056,138.704163,1,-34.7843389,138.7041197
18700,-34.784056,138.704163,2,-34.78377232,138.7042061
18701,-34.783843,138.703941,1,-34.78377232,138.7042061
18701,-34.783843,138.703941,2,-34.78391283,138.7036753
18702,-34.783236,138.702382,1,-34.78366307,138.702291
18702,-34.783236,138.702382,2,-34.78280826,138.7024732
18703,-34.783249,138.703538,1,-34.78318505,138.7037735
18703,-34.783249,138.703538,2,-34.7833121,138.7033035
18705,-34.783575,138.7035,1,-34.78356879,138.7035368
18705,-34.783572,138.703231,1,-34.78358099,138.7034623
18705,-34.783572,138.703231,2,-34.78356378,138.7029993
18705,-34.783575,138.7035,2,-34.78358099,138.7034623
18707,-34.782974,138.702966,1,-34.78295612,138.7030294
18707,-34.783013,138.702884,1,-34.78299133,138.7029033
18707,-34.782921,138.703153,1,-34.78288573,138.7032775
18707,-34.782921,138.703153,2,-34.78295612,138.7030294
18707,-34.783013,138.702884,2,-34.78303559,138.7028652
18707,-34.782974,138.702966,2,-34.78299133,138.7029033
18710,-34.782725,138.702306,1,-34.78264132,138.7021386
18710,-34.782725,138.702306,2,-34.78280826,138.7024732
18711,-34.783476,138.701645,1,-34.78339067,138.7017415
18711,-34.783476,138.701645,2,-34.78356071,138.7015483
18713,-34.782724,138.701699,1,-34.78270489,138.7014912
18713,-34.782724,138.701699,2,-34.78274303,138.7019066
18715,-34.783148,138.701386,1,-34.78317956,138.701368
18715,-34.782978,138.701429,1,-34.78311724,138.7014047
18715,-34.782978,138.701429,2,-34.78283867,138.701454
18715,-34.783148,138.701386,2,-34.78311724,138.7014047
18716,-34.784782,138.700352,1,-34.78462904,138.7005454
18716,-34.784782,138.700352,2,-34.78493421,138.7001579
18717,-34.784095,138.701187,1,-34.7839492,138.7013581
18717,-34.784422,138.700796,1,-34.78424144,138.7010159
18717,-34.784422,138.700796,2,-34.7846034,138.7005761
18717,-34.784095,138.701187,2,-34.78424144,138.7010159
18718,-34.783709,138.700447,1,-34.78349459,138.7006488
18718,-34.783709,138.700447,2,-34.78392287,138.700246
18719,-34.78316,138.700752,1,-34.78342706,138.7006522
18719,-34.78316,138.700752,2,-34.78289298,138.7008508
18720,-34.782729,138.700876,1,-34.78276524,138.7008638
18720,-34.782641,138.700901,1,-34.78269358,138.7008876
18720,-34.782439,138.700942,1,-34.78258771,138.7009135
18720,-34.782439,138.700942,2,-34.78228944,138.7009699
18720,-34.782641,138.700901,2,-34.78258771,138.7009135
18720,-34.782729,138.700876,2,-34.78269358,138.7008876
18721,-34.783858,138.702166,1,-34.78405423,138.7021276
18721,-34.783858,138.702166,2,-34.78366234,138.7022047
18724,-34.784043,138.704633,1,-34.78409164,138.7045248
18724,-34.784043,138.704633,2,-34.7839937,138.7047414
18725,-34.784001,138.704831,1,-34.7840035,138.7048118
18725,-34.783999,138.704777,1,-34.7839937,138.7047414
18725,-34.78388,138.705112,1,-34.78399935,138.7048501
18725,-34.78388,138.705112,2,-34.78376039,138.7053747
18725,-34.783999,138.704777,2,-34.7840035,138.7048118
18725,-34.784001,138.704831,2,-34.78399935,138.7048501
18726,-34.784451,138.705496,1,-34.78467131,138.7050081
18726,-34.784451,138.705496,2,-34.78423084,138.7059842
18727,-34.785244,138.705542,1,-34.78536477,138.7052744
18727,-34.785244,138.705542,2,-34.78512231,138.7058094
18728,-34.783929,138.705645,1,-34.78382451,138.7055584
18728,-34.783929,138.705645,2,-34.78403364,138.7057315
18729,-34.784132,138.705858,1,-34.78403364,138.7057315
18729,-34.784347,138.7061,1,-34.78423084,138.7059842
18729,-34.784347,138.7061,2,-34.78446379,138.7062156
18729,-34.784132,138.705858,2,-34.78423084,138.7059842
18730,-34.784641,138.706311,1,-34.78481909,138.7064065
18730,-34.784641,138.706311,2,-34.78446379,138.7062156
18935,-34.959347,138.654501,1,-34.9593469,138.6545013
18949,-37.814715,140.772627,1,-37.814715,140.7726268
18951,-37.822049,140.772946,1,-37.822049,140.7729464
19642,-32.926097,151.749728,1,-32.9260974,151.7497275
19801,-32.903121,151.683816,1,-32.90312072,151.6838157
19802,-32.903091,151.683428,1,-32.90309149,151.6834277
19845,-32.964543,151.625138,1,-32.964543,151.625138
19847,-32.964543,151.625138,1,-32.964543,151.625138
19848,-32.964543,151.625138,1,-32.964543,151.625138
20559,-27.606474,153.073786,1,-27.606474,153.073786
22547,-33.391763,151.463612,1,-33.391763,151.463612
44685,-33.950568,151.139132,1,-33.950568,151.139132
44796,-27.737439,153.187618,1,-27.7374393,153.1876177
44939,52.242053,-7.076708,1,52.2420527,-7.0767083
44945,-33.727965,150.824885,1,-33.7279652,150.8248853
44961,-32.014419,151.961633,1,-32.0144187,151.9616326
44962,54.55663,-1.340687,1,54.5566298,-1.3406874
44963,-32.012083,151.962174,1,-32.0120831,151.9621743
45319,-33.814239,151.110191,1,-33.81423914,151.1101911
45321,-33.065546,151.578995,1,-33.06554583,151.578995
45325,-33.064898,151.574749,1,-33.06489781,151.5747491
45334,-33.05715,151.581498,1,-33.05715006,151.5814984
45339,-32.909192,151.665284,1,-32.90919248,151.6652843
45343,-33.025437,151.546786,1,-33.0254366,151.5467862
99999,-37.816477823733315,144.95702102780342,1,-37.81609271483047,144.95705422013998
99999,-37.816477823733315,144.95702102780342,1,-37.8161976002603,144.9566887691617
99999,-37.816477823733315,144.95702102780342,1,-37.816781353818726,144.95701784268022
99999,-37.816477823733315,144.95702102780342,1,-37.81670110122117,144.95729142799973